user_id,country
1,CANADA
2,AUSTRALIA
3,UK
4,AUSTRALIA
5,AUSTRALIA
6,USA
7,UK
8,UK
9,UK
10,AUSTRALIA
11,CANADA
12,UK
13,AUSTRALIA
14,USA
15,CANADA
16,USA
17,CANADA
18,AUSTRALIA
19,INDIA
20,CANADA
21,USA
22,AUSTRALIA
23,CANADA
24,INDIA
25,INDIA
26,UK
27,UK
28,USA
29,CANADA
30,CANADA
31,UK
32,CANADA
33,CANADA
34,INDIA
35,UK
36,AUSTRALIA
37,UK
38,AUSTRALIA
39,INDIA
40,USA
41,CANADA
42,INDIA
43,CANADA
44,USA
45,USA
46,INDIA
47,USA
48,AUSTRALIA
49,USA
50,CANADA
51,CANADA
52,CANADA
53,CANADA
54,AUSTRALIA
55,UK
56,INDIA
57,CANADA
58,USA
59,CANADA
60,USA
61,USA
62,CANADA
63,AUSTRALIA
64,USA
65,USA
66,CANADA
67,USA
68,USA
69,CANADA
70,CANADA
71,INDIA
72,AUSTRALIA
73,AUSTRALIA
74,USA
75,AUSTRALIA
76,USA
77,INDIA
78,CANADA
79,CANADA
80,CANADA
81,AUSTRALIA
82,INDIA
83,AUSTRALIA
84,AUSTRALIA
85,INDIA
86,INDIA
87,INDIA
88,INDIA
89,CANADA
90,UK
91,UK
92,INDIA
93,UK
94,UK
95,INDIA
96,UK
97,AUSTRALIA
98,USA
99,USA
100,INDIA
101,CANADA
102,INDIA
103,CANADA
104,USA
105,INDIA
106,AUSTRALIA
107,UK
108,CANADA
109,UK
110,UK
111,INDIA
112,UK
113,AUSTRALIA
114,UK
115,INDIA
116,AUSTRALIA
117,USA
118,UK
119,INDIA
120,USA
121,USA
122,CANADA
123,AUSTRALIA
124,UK
125,INDIA
126,CANADA
127,AUSTRALIA
128,CANADA
129,AUSTRALIA
130,AUSTRALIA
131,UK
132,AUSTRALIA
133,CANADA
134,AUSTRALIA
135,UK
136,UK
137,CANADA
138,USA
139,USA
140,AUSTRALIA
141,INDIA
142,AUSTRALIA
143,CANADA
144,CANADA
145,CANADA
146,CANADA
147,CANADA
148,UK
149,USA
150,CANADA
151,INDIA
152,INDIA
153,INDIA
154,INDIA
155,UK
156,INDIA
157,CANADA
158,AUSTRALIA
159,INDIA
160,UK
161,UK
162,INDIA
163,AUSTRALIA
164,INDIA
165,UK
166,USA
167,CANADA
168,UK
169,INDIA
170,CANADA
171,INDIA
172,INDIA
173,USA
174,CANADA
175,CANADA
176,USA
177,UK
178,INDIA
179,AUSTRALIA
180,INDIA
181,INDIA
182,UK
183,INDIA
184,USA
185,USA
186,CANADA
187,AUSTRALIA
188,INDIA
189,INDIA
190,UK
191,USA
192,AUSTRALIA
193,CANADA
194,USA
195,CANADA
196,UK
197,UK
198,INDIA
199,AUSTRALIA
200,CANADA
201,USA
202,UK
203,INDIA
204,INDIA
205,CANADA
206,UK
207,AUSTRALIA
208,UK
209,CANADA
210,CANADA
211,UK
212,CANADA
213,UK
214,USA
215,UK
216,UK
217,CANADA
218,CANADA
219,INDIA
220,INDIA
221,USA
222,INDIA
223,UK
224,CANADA
225,INDIA
226,INDIA
227,USA
228,USA
229,UK
230,CANADA
231,USA
232,INDIA
233,CANADA
234,CANADA
235,INDIA
236,USA
237,INDIA
238,CANADA
239,AUSTRALIA
240,AUSTRALIA
241,UK
242,INDIA
243,INDIA
244,UK
245,UK
246,UK
247,CANADA
248,INDIA
249,CANADA
250,UK
251,INDIA
252,CANADA
253,CANADA
254,UK
255,INDIA
256,UK
257,INDIA
258,AUSTRALIA
259,USA
260,USA
261,USA
262,UK
263,AUSTRALIA
264,INDIA
265,CANADA
266,INDIA
267,CANADA
268,INDIA
269,AUSTRALIA
270,CANADA
271,UK
272,INDIA
273,INDIA
274,CANADA
275,UK
276,UK
277,AUSTRALIA
278,UK
279,UK
280,UK
281,USA
282,AUSTRALIA
283,INDIA
284,CANADA
285,INDIA
286,AUSTRALIA
287,CANADA
288,AUSTRALIA
289,UK
290,CANADA
291,UK
292,INDIA
293,INDIA
294,CANADA
295,CANADA
296,AUSTRALIA
297,AUSTRALIA
298,UK
299,CANADA
300,INDIA
301,AUSTRALIA
302,AUSTRALIA
303,INDIA
304,AUSTRALIA
305,UK
306,CANADA
307,INDIA
308,CANADA
309,AUSTRALIA
310,AUSTRALIA
311,INDIA
312,UK
313,USA
314,INDIA
315,USA
316,USA
317,UK
318,USA
319,USA
320,UK
321,USA
322,USA
323,USA
324,INDIA
325,INDIA
326,INDIA
327,UK
328,AUSTRALIA
329,USA
330,USA
331,UK
332,USA
333,INDIA
334,AUSTRALIA
335,CANADA
336,USA
337,INDIA
338,CANADA
339,AUSTRALIA
340,CANADA
341,INDIA
342,CANADA
343,UK
344,CANADA
345,USA
346,USA
347,UK
348,INDIA
349,USA
350,AUSTRALIA
351,USA
352,USA
353,INDIA
354,CANADA
355,USA
356,UK
357,CANADA
358,AUSTRALIA
359,INDIA
360,AUSTRALIA
361,CANADA
362,CANADA
363,CANADA
364,AUSTRALIA
365,CANADA
366,AUSTRALIA
367,CANADA
368,UK
369,CANADA
370,AUSTRALIA
371,USA
372,CANADA
373,USA
374,UK
375,INDIA
376,UK
377,CANADA
378,USA
379,USA
380,AUSTRALIA
381,USA
382,AUSTRALIA
383,INDIA
384,CANADA
385,AUSTRALIA
386,INDIA
387,USA
388,USA
389,INDIA
390,USA
391,INDIA
392,AUSTRALIA
393,AUSTRALIA
394,INDIA
395,AUSTRALIA
396,AUSTRALIA
397,AUSTRALIA
398,UK
399,CANADA
400,USA
401,UK
402,AUSTRALIA
403,INDIA
404,AUSTRALIA
405,CANADA
406,AUSTRALIA
407,INDIA
408,CANADA
409,AUSTRALIA
410,CANADA
411,USA
412,USA
413,AUSTRALIA
414,CANADA
415,INDIA
416,AUSTRALIA
417,USA
418,USA
419,AUSTRALIA
420,CANADA
421,USA
422,CANADA
423,USA
424,USA
425,UK
426,USA
427,INDIA
428,AUSTRALIA
429,AUSTRALIA
430,CANADA
431,USA
432,INDIA
433,CANADA
434,UK
435,CANADA
436,CANADA
437,USA
438,UK
439,CANADA
440,INDIA
441,INDIA
442,AUSTRALIA
443,UK
444,UK
445,AUSTRALIA
446,CANADA
447,UK
448,INDIA
449,INDIA
450,USA
451,UK
452,CANADA
453,AUSTRALIA
454,AUSTRALIA
455,CANADA
456,USA
457,AUSTRALIA
458,UK
459,USA
460,UK
461,INDIA
462,USA
463,AUSTRALIA
464,USA
465,USA
466,USA
467,USA
468,UK
469,INDIA
470,CANADA
471,USA
472,AUSTRALIA
473,USA
474,AUSTRALIA
475,UK
476,AUSTRALIA
477,CANADA
478,INDIA
479,AUSTRALIA
480,AUSTRALIA
481,INDIA
482,CANADA
483,USA
484,AUSTRALIA
485,INDIA
486,UK
487,INDIA
488,UK
489,CANADA
490,USA
491,INDIA
492,AUSTRALIA
493,CANADA
494,INDIA
495,AUSTRALIA
496,INDIA
497,UK
498,INDIA
499,INDIA
500,INDIA
